시장명,시장유형,소재지도로명주소,소재지지번주소,시장개설주기,위도,경도,점포수,대표품목,홈페이지주소,사용가능상품권,공중화장실보유여부,주차장보유여부,개설연도,전화번호,데이터기준일자,제공기관코드,제공기관명
서울 구로시장 (남구로·가리봉),상설장,서울특별시 구로구 구로동로26길 41,서울특별시 구로구 구로동 731-8,상설장,37.4913,126.8864,150.0,"칠공주 떡볶이, 40년 수제 팥칼국수·수제비, 할머니 전골목, 즉석 찹쌀꽈배기, 방앗간 참기름",,,Y,Y,1970.0,02-869-3224,2025-11-10,B553077,소상공인시장진흥공단
서울 관악 신림중앙시장 (순대타운),상설장,서울특별시 관악구 조원로16길 27,서울특별시 관악구 신림동 529-1,상설장,37.4839,126.9189,150.0,"원조 30년 백순대 본점, 전라도 삼촌네 곱창볶음, 미림분식 떡볶이, 가마솥닭강정",,,Y,Y,1970.0,02-868-6161,2025-11-10,B553077,소상공인시장진흥공단
서울 종로 광장시장,상설장,서울특별시 종로구 창경궁로 88,서울특별시 종로구 예지동 2-1,상설장,37.5701,126.9998,150.0,"순희네빈대떡, 모녀마약김밥, 육회자매집, 은성횟집 대구매운탕, 찹쌀꽈배기",,,Y,Y,1970.0,02-2267-0291,2025-11-10,B553077,소상공인시장진흥공단
서울 마포 망원시장,상설장,서울특별시 마포구 망원로8길 7,서울특별시 마포구 망원동 411-2,상설장,37.556,126.9056,150.0,"망원수제고로케, 큐스닭강정, 홍두깨손칼국수, 망원떡갈비, 훈훈호떡",,,Y,Y,1970.0,02-335-3591,2025-11-10,B553077,소상공인시장진흥공단
서울 중구 남대문시장,상설장,서울특별시 중구 남대문시장4길 21,서울특별시 중구 남창동 49,상설장,37.5592,126.9772,150.0,"가메골 손왕만두, 남대문 잡채야채호떡, 칼국수골목 형제분식, 갈치골목 중앙갈치, 닭진미 닭곰탕",,,Y,Y,1970.0,02-753-2805,2025-11-10,B553077,소상공인시장진흥공단
서울 종로 통인시장,상설장,서울특별시 종로구 자하문로15길 18,서울특별시 종로구 통인동 10-3,상설장,37.5808,126.9705,150.0,"원조정할머니 기름떡볶이, 엽전도시락, 효자동닭꼬치, 효자베이커리 콘브레드",,,Y,Y,1970.0,02-722-0912,2025-11-10,B553077,소상공인시장진흥공단
서울 동대문 경동시장 (서울약령시),상설장,서울특별시 동대문구 고산자로36길 3,서울특별시 동대문구 제기동 1018,상설장,37.5794,127.0378,150.0,"안동집 손칼국시, 지리산 약초, 가마솥 순대, 전통 방앗간 100% 참기름",,,Y,Y,1970.0,02-967-8721,2025-11-10,B553077,소상공인시장진흥공단
서울 동작 남성사계시장 (이수),상설장,서울특별시 동작구 동작대로29길 8,서울특별시 동작구 사당동 138-4,상설장,37.4883,126.9818,150.0,"사계 떡방앗간 수제 쑥모찌, 즉석 생선구이, 원조 가마솥 옛날통닭, 이수 손칼국수",,,Y,Y,1970.0,02-535-6440,2025-11-10,B553077,소상공인시장진흥공단
서울 송파 새마을시장 (잠실),상설장,서울특별시 송파구 석촌호수로12길 3-9,서울특별시 송파구 잠실동 208-1,상설장,37.5094,127.0853,150.0,"파오파오 수제 새우만두, 깻잎닭강정, 오렌지분식 떡볶이, 새마을 칼국수",,,Y,Y,1970.0,02-412-4217,2025-11-10,B553077,소상공인시장진흥공단
서울 영등포 대림중앙시장 (영등포전통),상설장,서울특별시 영등포구 디지털로53길 25-17,서울특별시 영등포구 대림동 1037-30,상설장,37.4919,126.8995,150.0,"원조 아바이순대국밥, 머리고기 모둠수육, 수제 훈제오리, 전통 떡방앗간",,,Y,Y,1970.0,02-833-8113,2025-11-10,B553077,소상공인시장진흥공단
성남 모란민속5일장 (모란종합)시장,5일장,경기도 성남시 중원구 둔촌대로 68,경기도 성남시 중원구 성남동 4929,4일+9일,37.4321,127.1285,150.0,"철판돼지부속 무한리필, 모란 100% 압착 참기름, 가마솥 손두부, 장터손칼국수",,,Y,Y,1970.0,031-721-9905,2025-11-10,B553077,소상공인시장진흥공단
수원 못골·지동·팔달문시장,상설장,경기도 수원시 팔달구 수원천로 254,경기도 수원시 팔달구 지동 387-1,상설장,37.2783,127.0189,150.0,"수원왕갈비통닭(진미·용성), 지동순대타운 순대곱창볶음, 못골 대박도너츠, 울금떡",,,Y,Y,1970.0,031-246-5665,2025-11-10,B553077,소상공인시장진흥공단
안양 중앙시장,상설장,경기도 안양시 만안구 중앙시장로 27,경기도 안양시 만안구 안양동 676-13,상설장,37.3995,126.9205,150.0,"비아김밥 계란말이김밥, 삼우닭강정, 홍두깨손칼국수, 순대곱창골목 예산집",,,Y,Y,1970.0,031-449-3444,2025-11-10,B553077,소상공인시장진흥공단
인천 신포국제시장,상설장,인천광역시 중구 우현로49번길 11-5,인천광역시 중구 신포동 6-3,상설장,37.4716,126.6268,150.0,"원조 신포닭강정 본점, 신포우리만두 쫄면, 산동만두 화덕공갈빵, 에그타르트",,,Y,Y,1970.0,032-772-5812,2025-11-10,B553077,소상공인시장진흥공단
속초관광수산시장 (속초중앙시장),상설장,강원특별자치도 속초시 중앙시장로 6길 4,강원특별자치도 속초시 중앙동 471-4,상설장,38.2045,128.5902,150.0,"만석닭강정 본점, 중앙닭강정, 씨앗호떡, 아바이순대·오징어순대, 붉은대게찜",,,Y,Y,1970.0,033-633-3501,2025-11-10,B553077,소상공인시장진흥공단
강릉 중앙시장 (성남시장),상설장,강원특별자치도 강릉시 금성로 21,강원특별자치도 강릉시 성남동 50,상설장,37.7539,128.8986,150.0,"배니닭강정 본점, 강릉 중화짬뽕빵, 수제어묵고로케, 모자호떡, 성남 장칼국수, 팡파미유 육쪽마늘빵",,,Y,Y,1970.0,033-648-4477,2025-11-10,B553077,소상공인시장진흥공단
정선 아리랑시장 (정선 5일장),5일장,강원특별자치도 정선군 정선읍 봉양7길 39,강원특별자치도 정선군 정선읍 봉양리 356,2일+7일,37.3807,128.6631,150.0,"회동집 콧등치기국수·모둠전·감자옹심이, 황기족발, 명품 수리취인절미, 곤드레나물밥",,,Y,Y,1970.0,033-563-6200,2025-11-10,B553077,소상공인시장진흥공단
춘천 풍물시장 (2·7일장),5일장,강원특별자치도 춘천시 영서로 2352-8,강원특별자치도 춘천시 온의동 548,2일+7일,37.8631,127.7212,150.0,"원조 춘천명물철판닭갈비, 장터메밀막국수, 춘천 감자빵, 찹쌀도너츠",,,Y,Y,1970.0,033-253-5815,2025-11-10,B553077,소상공인시장진흥공단
삼척 중앙시장,상설장,강원특별자치도 삼척시 진주로 12-21,강원특별자치도 삼척시 남양동 55-4,상설장,37.4419,129.1643,150.0,"부명칼국수 장칼국수·옹심이, 삼척 대게거리 박달대게, 묵호 오징어·먹태",,,Y,Y,1970.0,033-572-0909,2025-11-10,B553077,소상공인시장진흥공단
원주 중앙시장 (미로예술시장),상설장,강원특별자치도 원주시 중앙시장길 6,강원특별자치도 원주시 중앙동 60-2,상설장,37.3496,127.9501,150.0,"어머니손칼국수 (골목식당), 소고기골목 우정집, 원주 수제만두 명가",,,Y,Y,1970.0,033-743-2570,2025-11-10,B553077,소상공인시장진흥공단
동해 묵호 동쪽바다중앙시장,상설장,강원특별자치도 동해시 중앙시장길 12,강원특별자치도 동해시 발한동 80-2,상설장,37.5542,129.1158,150.0,"자연산 묵호 문어·활어, 묵호 덕이네 물회, 묵호항 먹태·반건조오징어",,,Y,Y,1970.0,033-532-6690,2025-11-10,B553077,소상공인시장진흥공단
단양 구경시장 (1·6일장),5일장,충청북도 단양군 단양읍 도전5길 31,충청북도 단양군 단양읍 도전리 615,1일+6일,36.9859,128.3683,150.0,"단양마늘만두 본점, 오성 마늘통닭, 단빵제빵소 겉바속촉 마늘빵, 원조마늘순대",,,Y,Y,1970.0,043-422-1706,2025-11-10,B553077,소상공인시장진흥공단
세종 조치원전통시장 (4·9일장),5일장,세종특별자치시 조치원읍 조치원시장길 42,세종특별자치시 조치원읍 원리 141-68,4일+9일,36.6025,127.3005,150.0,"왕천파닭 본점(파닭 1호점), 신안골분식 닭떡볶이, 조치원 복숭아·배",,,Y,Y,1970.0,044-865-4447,2025-11-10,B553077,소상공인시장진흥공단
천안 남산중앙시장,상설장,충청남도 천안시 동남구 사직2길 19,충청남도 천안시 동남구 사직동 202-4,상설장,36.8041,127.1518,150.0,"학화할머니호두과자, 남산 홍두깨칼국수, 병천순대거리 직영순대, 마늘통닭",,,Y,Y,1970.0,041-555-1136,2025-11-10,B553077,소상공인시장진흥공단
공주 산성시장 (1·6일장),5일장,충청남도 공주시 용당길 22,충청남도 공주시 산성동 190-1,1일+6일,36.4556,127.1235,150.0,"부자떡집 알밤모찌·인절미, 시골순대 피순대국밥, 공주 밤빵·밤파이",,,Y,Y,1970.0,041-856-5441,2025-11-10,B553077,소상공인시장진흥공단
예산 상설시장 (백종원 프로젝트),상설장,충청남도 예산군 예산읍 예산시장길 2,충청남도 예산군 예산읍 예산리 333-1,상설장,36.6788,126.8488,150.0,"신광정육점 장터삼겹살, 금오바베큐, 선봉국수 파기름비빔국수, 사과당 사과파이, 골목막걸리",,,Y,Y,1970.0,041-333-3312,2025-11-10,B553077,소상공인시장진흥공단
서산 동부전통시장,상설장,충청남도 서산시 시장3길 5-6,충청남도 서산시 동문동 900,상설장,36.7844,126.4578,150.0,"삼기호떡 구운호떡, 서산 꽃게·간장게장, 어리굴젓·감태 수산상회, 서산 생강한과",,,Y,Y,1970.0,041-665-5477,2025-11-10,B553077,소상공인시장진흥공단
청주 육거리종합시장,상설장,충청북도 청주시 상당구 청남로2197번길 42,충청북도 청주시 상당구 석교동 126,상설장,36.6289,127.4912,150.0,"육거리 소문난만두 왕만두, 족발골목 유명통족발, 새가덕순대 국밥, 즉석 떡갈비",,,Y,Y,1970.0,043-222-6696,2025-11-10,B553077,소상공인시장진흥공단
제천 중앙·동문시장 (내토시장),상설장,충청북도 제천시 풍양로 108,충청북도 제천시 중앙로1가 79,상설장,37.1368,128.2104,150.0,"빨간오뎅 본점(제천 빨간오뎅), 덩실분식 찹쌀떡·링도넛, 제천 황기약초골목",,,Y,Y,1970.0,043-647-2108,2025-11-10,B553077,소상공인시장진흥공단
전북 전주 남부시장,상설장,전북특별자치도 전주시 완산구 풍남문1길 19-3,전북특별자치도 전주시 완산구 전동3가 2-241,상설장,35.813,127.1477,150.0,"현대옥 남부시장본점 콩나물국밥, 조점례남문피순대 본점, 남부 야시장 마약육전",,,Y,Y,1970.0,063-284-1344,2025-11-10,B553077,소상공인시장진흥공단
군산 공설시장 (신영시장),상설장,전북특별자치도 군산시 신영길 36,전북특별자치도 군산시 신영동 16-1,상설장,35.9868,126.7198,150.0,"중동호떡(3대 구운호떡), 군산 박대·박대구이, 공설시장 매운잡채, 군산 꽃게장",,,Y,Y,1970.0,063-445-3601,2025-11-10,B553077,소상공인시장진흥공단
여수 서시장 (교동시장·수산물특화),상설장,전라남도 여수시 좌수영로 16-6,전라남도 여수시 서교동 280,상설장,34.7428,127.7303,150.0,"여수 해물삼합 23번 포차, 돌산 갓김치·고들빼기, 서시장 족발골목, 딱새우회",,,Y,Y,1970.0,061-642-6720,2025-11-10,B553077,소상공인시장진흥공단
순천 아랫장 (2·7일장)시장,5일장,전라남도 순천시 장평로 60,전라남도 순천시 풍덕동 1264,2일+7일,34.9452,127.4988,150.0,"아랫장 61호 전집 모둠전·칠게튀김, 순천 건봉국밥, 칠게빵, 짱뚱어탕",,,Y,Y,1970.0,061-741-3334,2025-11-10,B553077,소상공인시장진흥공단
목포 종합수산시장 (동부시장),상설장,전라남도 목포시 해안로 229,전라남도 목포시 금동2가 1-4,상설장,34.7865,126.3862,150.0,"흑산도 삭힌홍어 1번가, 목포 쑥꿀레, 못난이도너츠, 꽃게살비빔밥, 목포 먹갈치·조기",,,Y,Y,1970.0,061-245-5096,2025-11-10,B553077,소상공인시장진흥공단
나주 목사고을시장 (4·9일장),5일장,전라남도 나주시 청동길 1,전라남도 나주시 삼영동 174-1,4일+9일,35.0163,126.7161,150.0,"원조 110년 하얀집 나주곰탕, 노안집 맑은곰탕, 영산포 삭힌홍어, 나주 배즙",,,Y,Y,1970.0,061-332-8833,2025-11-10,B553077,소상공인시장진흥공단
광주 서구 양동시장,상설장,광주광역시 서구 천변좌로 238,광주광역시 서구 양동 5,상설장,35.1542,126.9048,150.0,"양동통닭 본점(3대천왕 가마솥치킨), 수일통닭, 홍어골목 나주상회, 상추튀김, 영양찰떡",,,Y,Y,1970.0,062-366-0884,2025-11-10,B553077,소상공인시장진흥공단
광주 1913송정역시장 (송정5일장),상설장,광주광역시 광산구 송정로8번길 13,광주광역시 광산구 송정동 990-1,상설장+5일장,35.1378,126.7915,150.0,"송정 떡갈비골목 한우떡갈비, 또아식빵, 갱소년 생과일양갱, 가마솥 보리밥",,,Y,Y,1970.0,062-942-1913,2025-11-10,B553077,소상공인시장진흥공단
대구 서문시장,상설장,대구광역시 중구 큰장로26길 45,대구광역시 중구 대신동 115-378,상설장,35.869,128.5815,150.0,"서문옛날손국수 누른국수, 미성당 납작만두, 몬나니 순대떡볶이, 에덴김밥, 서문 야시장 스테이크",,,Y,Y,1970.0,053-256-6341,2025-11-10,B553077,소상공인시장진흥공단
대구 칠성시장,상설장,대구광역시 북구 칠성시장로 28,대구광역시 북구 칠성동1가 276-1,상설장,35.8765,128.6045,150.0,"단골식당 80년 연탄불고기, 칠성 족발골목 할매족발, 칠성 야시장 닭꼬치, 보리밥 골목",,,Y,Y,1970.0,053-422-4148,2025-11-10,B553077,소상공인시장진흥공단
포항 죽도시장,상설장,경상북도 포항시 북구 죽도시장13길 13,경상북도 포항시 북구 죽도동 573-4,상설장,36.036,129.3672,150.0,"장기식당 한우소머리국밥, 평남식당 곰탕, 영해회식당 박달대게·물회, 수제비골목, 구룡포 과메기",,,Y,Y,1970.0,054-247-3776,2025-11-10,B553077,소상공인시장진흥공단
경주 중앙시장 (야시장·성동시장),상설장,경상북도 경주시 금성로 295,경상북도 경주시 성건동 340-1,상설장+2·7일,35.8458,129.2078,150.0,"야시장 만원의행복, 원조 경주 황남빵, 찰보리빵 본점, 성동시장 한식뷔페, 교리김밥",,,Y,Y,1970.0,054-772-1088,2025-11-10,B553077,소상공인시장진흥공단
안동 구시장 (찜닭골목),상설장,경상북도 안동시 번영길 30,경상북도 안동시 서부동 184-4,상설장,36.5645,128.7299,150.0,"유진찜닭 안동찜닭 명가, 현대찜닭, 밀레니엄 쪼림닭, 맘모스베이커리 크림치즈빵, 안동간고등어",,,Y,Y,1970.0,054-858-9002,2025-11-10,B553077,소상공인시장진흥공단
부산 자갈치·국제·부평깡통시장,상설장,부산광역시 중구 자갈치해안로 52,부산광역시 중구 남포동4가 37-1,상설장,35.0966,129.0306,150.0,"이가네떡볶이 무채떡볶이, 깡통골목 비빔당면, 신창토스트, 승기씨앗호떡, 신경북상회 활어회, 삼진어묵",,,Y,Y,1970.0,051-245-2594,2025-11-10,B553077,소상공인시장진흥공단
부산 기장시장 (대게거리),상설장,부산광역시 기장군 기장읍 읍내로104번길 16,부산광역시 기장군 기장읍 대라리 68-1,상설장,35.2443,129.2144,150.0,"기장 싱싱대게 박달대게, 기장 대게하우스, 기장 산지직송 미역·다시마, 기장 짚불곰장어",,,Y,Y,1970.0,051-721-3963,2025-11-10,B553077,소상공인시장진흥공단
경남 통영 중앙전통시장 (서호시장),상설장,경상남도 통영시 중앙시장1길 14-16,경상남도 통영시 중앙동 233,상설장,34.8453,128.4258,150.0,"뚱보할매김밥 원조 충무김밥, 오미사꿀빵 본점, 자연산 통영 활어시장, 훈제 굴 직판장",,,Y,Y,1970.0,055-649-5991,2025-11-10,B553077,소상공인시장진흥공단
경남 진주 중앙유등시장 (논개시장),상설장,경상남도 진주시 진양호로547번길 8-1,경상남도 진주시 대안동 8-1,상설장,35.1925,128.0848,150.0,"천황식당 100년 진주육회비빔밥, 제일식당 선지국밥, 수복빵집 단팥죽·찐빵, 진주 꿀빵",,,Y,Y,1970.0,055-741-2151,2025-11-10,B553077,소상공인시장진흥공단
울산 태화종합시장 (신정시장),5일장,울산광역시 중구 화진길 20-4,울산광역시 중구 태화동 37-2,5일+10일,35.5539,129.2995,150.0,"신정시장 칼국수골목 경주손칼국수, 태화 소머리국밥, 울산 정자 참가자미, 수제도넛",,,Y,Y,1970.0,052-243-7319,2025-11-10,B553077,소상공인시장진흥공단
제주 서귀포 매일올레시장,상설장,제주특별자치도 서귀포시 중앙로 62번길 18,제주특별자치도 서귀포시 서귀동 277-1,상설장,33.2498,126.5638,150.0,"아베베 베이커리 우도땅콩도넛, 마농치킨 마늘통닭 본점, 우정회센타 꽁치김밥, 할머니떡집 감귤모찌",,,Y,Y,1970.0,064-762-1949,2025-11-10,B553077,소상공인시장진흥공단
제주 동문재래시장 (수산·야시장),상설장,제주특별자치도 제주시 관덕로14길 20,제주특별자치도 제주시 일도1동 1144-1,상설장,33.5126,126.5282,150.0,"진아떡집 수제 오메기떡, 동문올레수산 딱새우·갈치회, 동문야시장 흑돼지떡갈비, 아베베베이커리 본점",,,Y,Y,1970.0,064-752-3001,2025-11-10,B553077,소상공인시장진흥공단
전남 완도 전통시장 (완도 5일장),5일장,전라남도 완도군 완도읍 개포로 34-1,전라남도 완도군 완도읍 군내리 1243,5일+10일,34.3168,126.7538,150.0,"완도 청정바다 전복 직판장, 명품 완도 김·미역·다시마, 싱싱 활어회, 장터 해물전",,,Y,Y,1970.0,061-554-4114,2025-11-10,B553077,소상공인시장진흥공단
역곡상상시장,상설장,경기도 부천시 원미구 부일로749번길 31,경기도 부천시 원미구 역곡동 84-7,매일,37.48757743,126.8118954,150.0,"농산물+축산물+수산물+가공식품+의류, 돼지곱창볶음, 복숭아 💡 특징: 부천의 대표적 시장으로 곱창볶음 거리가 유명하며 상상력을 자극하는 현대적 시설을 갖춤 1",,,Y,Y,1970.0,032-343-8562,2025-11-10,B553077,소상공인시장진흥공단
청구문화시장,상설장,경기도 성남시 분당구 내정로165번길 38,경기도 성남시 분당구 수내동 32,매일,37.37665581,127.1162348,150.0,"가공식품+의류+신발+음식점+근린생활서비스, 시장 국밥, 즉석 전 💡 특징: 성남 분당 주거 단지 내 상가형 시장으로 깔끔한 반찬류와 근린 먹거리가 인기 2",,,Y,Y,1970.0,031-711-0826,2025-11-10,B553077,소상공인시장진흥공단
남양시장,5일장,경기도 화성시 남양읍 남양시장로 61,경기도 화성시 남양읍 남양리 1165-25,1일+6일,37.20902222,126.8159971,150.0,"농산물+축산물+수산물+가공식품+의류+신발+가정용품+음식점, 남양 쌀, 수수부꾸미 💡 특징: 화성시 남양읍의 전통 5일장(1, 6일)이 서는 곳으로 정겨운 시골 장터 분위기 유지 3",,,Y,Y,1970.0,031-366-9100,2025-11-10,B553077,소상공인시장진흥공단
양동쌍학시장,5일장,경기도 양평군 양동면 학둔지아래길 76,경기도 양평군 양동면 쌍학리 227-3,4일+9일,37.42017548,127.7531956,150.0,"농산물+축산물+수산물+가공식품+의류+신발+가정용품+음식점, 부추, 막걸리 💡 특징: 양평 양동면 부추 산지와 가까워 싱싱한 부추와 관련 먹거리가 유명함 4",,,Y,Y,1970.0,031-773-1722,2025-11-10,B553077,소상공인시장진흥공단
금촌전통시장,5일장,경기도 파주시 금정 24길 18-6,경기도 파주시 금촌동 64-19,1일+6일,37.76261761,126.7738861,150.0,"농산물+축산물+수산물+가공식품+의류+신발+가정용품+음식점, 닭강정, 떡볶이 💡 특징: 파주 금촌역 인근에 위치하며 1, 6일 오일장과 상설장이 결합된 활기찬 시장 5",,,Y,Y,1970.0,031-946-0013,2025-11-10,B553077,소상공인시장진흥공단
조암시장,5일장,경기도 화성시 우정읍 조암남로 28,경기도 화성시 우정읍 조암리 270-7,4일+9일,37.08354443,126.818488,150.0,"농산물+축산물+수산물+가공식품+의류+신발+가정용품+음식점, 서해안 수산물, 잡곡 💡 특징: 화성 우정읍의 거점 시장으로 인근 바다에서 온 싱싱한 수산물이 풍부함 6",,,Y,Y,1970.0,031-351-8009,2025-11-10,B553077,소상공인시장진흥공단
발안만세시장,5일장,경기도 화성시 향남읍 평2길 7,경기도 화성시 향남읍 평리 81-51,5일+10일,37.13145931,126.9094512,150.0,"농산물+축산물+수산물+가공식품+의류+신발+가정용품+음식점+근린생활서비스, 순대국밥, 다문화 음식 💡 특징: 외국인 근로자가 많아 이국적인 식재료와 한국 전통 순대가 조화를 이루는 곳 7",,,Y,Y,1970.0,031-352-0120,2025-11-10,B553077,소상공인시장진흥공단
한라프라자시장,상설장,경상남도 거제시 거제중앙로 1906,경상남도 거제시 고현동 961-153,매일,34.88820169,128.6235595,150.0,"의류, 여성 의류, 패션 잡화 💡 특징: 거제 고현동의 상설 의류 전문 상가로 세련된 의류와 액세서리 매장이 밀집해 있음",,,Y,Y,1970.0,055-637-1195,2025-11-10,B553077,소상공인시장진흥공단
옥수동새시장,상설장,경상남도 거제시 능포로134-2,경상남도 거제시 능포동 680-7,매일,34.87539656,128.7319145,150.0,"농산물+가공식품+음식점, 활어회, 건어물 💡 특징: 거제 능포동에 위치하며 인근 항구에서 갓 잡은 싱싱한 수산물과 횟감이 저렴함",,,Y,Y,1970.0,,2025-11-10,B553077,소상공인시장진흥공단
옥포국제시장,상설장,경상남도 거제시 옥포로19길 12-1,경상남도 거제시 옥포동 525-19,매일,34.89435922,128.6895425,150.0,"농산물+수산물+가공식품, 외국 식재료, 해산물 💡 특징: 대우조선해양 인근으로 외국인 거주자가 많아 이국적인 식재료와 수산물이 공존함",,,Y,Y,1970.0,055-687-3840,2025-11-10,B553077,소상공인시장진흥공단
옥현상가시장,상설장,경상남도 거제시 옥포로 250,경상남도 거제시 옥포동 1293-1,매일,34.89692237,128.6899341,150.0,"근린생활서비스, 생활 밀착형 먹거리, 의류 💡 특징: 거제 옥포동의 상가형 시장으로 깔끔한 현대적 시설 내에서 다양한 근린 서비스를 제공함",,,Y,Y,1970.0,055-688-1949,2025-11-10,B553077,소상공인시장진흥공단
신부시장,상설장,경상남도 거제시 장승포로 49,경상남도 거제시 장승포동 283-99,매일,34.8677231,128.7295445,150.0,"농산물+가공식품+음식점, 반찬류, 지역 농산물 💡 특징: 거제 장승포 지역의 소규모 상설 시장으로 손맛 좋은 반찬 가게들이 유명함",,,Y,Y,1970.0,055-682-2317,2025-11-10,B553077,소상공인시장진흥공단
장평종합시장,상설장,경상남도 거제시 장평로37,경상남도 거제시 장평동 56-1,매일,34.89086439,128.6131111,150.0,"의류, 기성복, 수선 서비스 💡 특징: 거제 장평동 삼성중공업 인근에 위치하며 직장인과 가족 단위 방문객을 위한 의류 매장이 주를 이룸",,,Y,Y,1970.0,055-637-2197,2025-11-10,B553077,소상공인시장진흥공단
거제읍내시장,5일장,경상남도 거제시 거제면 읍내로2길 28,경상남도 거제시 거제면 서상리 325-2,3일+8일,34.85055855,128.5903037,150.0,"농산물+가공식품, 오일장 채소, 잡곡 💡 특징: 거제면 서상리의 유서 깊은 오일장(3, 8일)으로 전통적인 시골 장터의 정취를 느낄 수 있음",,,Y,Y,1970.0,055-634-0239,2025-11-10,B553077,소상공인시장진흥공단
거창시장,5일장,경상남도 거창군 거창읍 중앙로 140,경상남도 거창군 거창읍 중앙리 122-9,1일+6일,35.68700298,127.9138722,150.0,"농산물+축산물+수산물+가공식품+의류+신발+가정용품+음식점, 거창 사과, 전통 부각 💡 특징: 영남 서북부 최대 시장 중 하나로 거창의 특산물인 사과와 고소한 부각이 전국적으로 유명함",,,Y,Y,1970.0,055-944-2581,2025-11-10,B553077,소상공인시장진흥공단
고성시장,5일장,경상남도 고성군 고성읍 중앙로25번길57,경상남도 고성군 고성읍 서외리 1-6,1일+6일,34.97730013,128.3230514,150.0,농산물+축산물+수산물+가공식품+의류+신발+가정용품+음식점,,,Y,Y,1970.0,055-674-0698,2025-11-10,B553077,소상공인시장진흥공단
고성공룡시장,상설장,경상남도 고성군 고성읍 성내로112번길 75-8,경상남도 고성군 고성읍 성내리 212-3,매일,34.97266192,128.3233371,150.0,농산물+축산물+수산물+가공식품+의류+신발+가정용품+음식점,,,Y,Y,1970.0,055-674-0698,2025-11-10,B553077,소상공인시장진흥공단
영오시장,5일장,경상남도 고성군 영오면 영회로 527-9,경상남도 고성군 영오면 영산리 232-1,2일+7일,35.10895031,128.2376737,150.0,농산물+수산물+가공식품+의류+신발+가정용품+음식점,,,Y,Y,1970.0,,2025-11-10,B553077,소상공인시장진흥공단
배둔시장,5일장,경상남도 고성군 회화면 배둔로31번길 5,경상남도 고성군 회화면 배둔리 826-2,4일+9일,35.05736208,128.3691501,150.0,"농산물+축산물+수산물+가공식품+의류+신발+가정용품+음식점, 갯장어(하모), 가리비 💡 특징: 경남 고성군 회화면에 위치하며 장날(4, 9일)마다 인근 바다의 싱싱한 해산물이 가득함 1",,,Y,Y,1970.0,,2025-11-10,B553077,소상공인시장진흥공단
김해전통시장(김해동상시장),상설장,경상남도 김해시 호계로 517번길 5-13,경상남도 김해시 동상동 877-2,매일,35.23624089,128.883862,150.0,"칼국수, 족발, 농산물+축산물+수산물+가공식품+의류+신발+가정용품+음식점 💡 특징: 김해 동상동에 위치하며 외국인 거리가 인접해 이국적인 식재료와 한국 전통 먹거리가 공존함 2",,,Y,Y,1970.0,055-336-4070,2025-11-10,B553077,소상공인시장진흥공단
삼방시장,상설장,경상남도 김해시 삼안로 255,경상남도 김해시 삼방동 665-8,매일,35.25078662,128.9096859,150.0,"농산물+축산물+수산물+가공식품+의류+신발+가정용품+음식점, 수제 어묵, 떡볶이 💡 특징: 다람쥐 시장'이라는 애칭으로 불리며 어린이 체험 행사와 다양한 간식거리가 풍부한 문화관광형 시장 3",,,Y,Y,1970.0,055-336-0021,2025-11-10,B553077,소상공인시장진흥공단
외동전통시장,상설장,경상남도 김해시 내외중앙로 33,경상남도 김해시 외동 1254-2,매일,35.2329309,128.8660031,150.0,"농산물+축산물+수산물+의류+신발+가정용품+음식점, 손칼국수, 튀김 💡 특징: 김해 내외동 주거 밀집 지역에 위치하여 접근성이 좋고 가성비 훌륭한 분식류가 인기임 5",,,Y,Y,1970.0,070-8825-5222,2025-11-10,B553077,소상공인시장진흥공단
진례전통시장,5일장,경상남도 김해시 진례면 송현로 6,경상남도 김해시 진례면 송정리 239-3,5일+10일,35.24867545,128.7489254,150.0,농산물+축산물+수산물+가공식품+의류+신발,,,Y,Y,1970.0,,2025-11-10,B553077,소상공인시장진흥공단
진영전통시장,5일장,경상남도 김해시 진영읍 진영산복로115번길 9,경상남도 김해시 진영읍 진영리 235-16,4일+9일,35.30231684,128.7306322,150.0,"농산물+축산물+수산물+가공식품+의류+신발, 진영 단감, 돼지갈비 💡 특징: 전국적으로 유명한 진영 단감의 주산지로, 가을철 과일 시장이 매우 크게 형성됨 6",,,Y,Y,1970.0,055-343-6493,2025-11-10,B553077,소상공인시장진흥공단
주촌축산물시장,상설장,경상남도 김해시 주촌면 서부로1403번길 23-66,경상남도 김해시 주촌면 내삼리 1295,매일,35.22608524,128.8124154,150.0,축산물+음식점,,,Y,Y,1970.0,055-324-0494,2025-11-10,B553077,소상공인시장진흥공단
남면공설시장,5일장,경상남도 남해군 남면 남서대로 785-4,경상남도 남해군 남면 당항리 1381-5,4일+9일,34.770945,127.8853533,150.0,농산물+축산물+수산물+음식점,,,Y,Y,1970.0,,2025-11-10,B553077,소상공인시장진흥공단
남해전통시장,5일장,경상남도 남해군 남해읍 화전로110,경상남도 남해군 남해읍 북변리 246-1,2일+7일,34.84014878,127.89449,150.0,"농산물+축산물+수산물+가공식품, 멸치회, 유자 💡 특징: 남해안의 싱싱한 수산물이 집결하는 곳으로 특히 멸치와 관련된 요리가 독보적임 7",,,Y,Y,1970.0,055-864-3592,2025-11-10,B553077,소상공인시장진흥공단
이동공설시장,5일장,경상남도 남해군 이동면 무림로 63번길 9,경상남도 남해군 이동면 무림리 1140,5일+10일,34.80113755,127.9538197,150.0,농산물+수산물,,,Y,Y,1970.0,,2025-11-10,B553077,소상공인시장진흥공단
내일전통시장,5일장,경상남도 밀양시 상설시장3길 18-6,경상남도 밀양시 내일동 174-9,2일+7일,35.49332954,128.7533093,150.0,농산물+축산물+수산물+가공식품+의류+가정용품,,,Y,Y,1970.0,055-351-3132,2025-11-10,B553077,소상공인시장진흥공단
무안시장(무안임시시장),5일장,경상남도 밀양시 무안면 사명로 510,경상남도 밀양시 무안면 무안리 814-2,1일+6일,35.47019254,128.6520424,150.0,농산물,,,Y,Y,1970.0,,2025-11-10,B553077,소상공인시장진흥공단
송백시장,5일장,경상남도 밀양시 산내면 산내로 346-1,경상남도 밀양시 산내면 송백리 1319-13,5일+10일,35.58629962,128.8817037,150.0,농산물+가공식품,,,Y,Y,1970.0,,2025-11-10,B553077,소상공인시장진흥공단
송지시장,5일장,경상남도 밀양시 삼랑진읍 외송3길 8-1,경상남도 밀양시 삼랑진읍 송지리 359-15,4일+9일,35.39686406,128.8371964,150.0,농산물+수산물+가정용품,,,Y,Y,1970.0,,2025-11-10,B553077,소상공인시장진흥공단
수산시장,5일장,경상남도 밀양시 하남읍 시서상가길 5,경상남도 밀양시 하남읍 수산리 815-18,3일+8일,35.37422786,128.7087852,150.0,"활어회, 건어물, 농산물+축산물 💡 특징: 바다를 끼고 형성된 대규모 수산시장으로 용궁을 테마로 한 현대식 시설에서 신선한 회를 즐길 수 있음 9",,,Y,Y,1970.0,,2025-11-10,B553077,소상공인시장진흥공단
곤양종합시장,5일장,경상남도 사천시 곤양면 남산로 65,경상남도 사천시 곤양면 남문외리 48-4,5일+10일,35.05653208,127.9633461,150.0,수산물+음식점,,,Y,Y,1970.0,,2025-11-10,B553077,소상공인시장진흥공단
삼천포종합시장,5일장,경상남도 사천시 동금2길 15,경상남도 사천시 동금동 88-4,4일+9일,34.93234179,128.0785407,150.0,농산물+축산물+수산물+가공식품+신발,,,Y,Y,1970.0,055-833-0662,2025-11-10,B553077,소상공인시장진흥공단
삼천포용궁수산시장,상설장,경상남도 사천시 어시장길 64,경상남도 사천시 동동 485-2,매일,34.92743545,128.0717569,150.0,"수산물, 활어회, 건어물 💡 특징: 바다를 끼고 형성된 대규모 수산시장으로 용궁을 테마로 한 현대식 시설에서 신선한 회를 즐길 수 있음 9",,,Y,Y,1970.0,055-835-2246,2025-11-10,B553077,소상공인시장진흥공단
서포시장,5일장,경상남도 사천시 서포면 자구로 473,경상남도 사천시 서포면 구평리 644-3,4일+9일,35.00686028,127.9779028,150.0,농산물+수산물+가공식품+음식점,,,Y,Y,1970.0,,2025-11-10,B553077,소상공인시장진흥공단
완사시장,5일장,경상남도 사천시 곤명면 완사2길 12,경상남도 사천시 곤명면 정곡리 842,1일+6일,35.13122005,127.9763483,150.0,농산물+음식점,,,Y,Y,1970.0,055-855-1009,2025-11-10,B553077,소상공인시장진흥공단
사천읍시장,상설장,경상남도 사천시 사천읍 시장1길 16,경상남도 사천시 사천읍 정의리 393-8,매일,35.08405876,128.08901,150.0,농산물+축산물+수산물+가공식품+의류+신발,,,Y,Y,1970.0,055-852-2008,2025-11-10,B553077,소상공인시장진흥공단
단성시장,5일장,경상남도 산청군 단성면 목화로 968번길 17,경상남도 산청군 단성면 성내리 178,5일+10일,35.29792788,127.9580631,150.0,농산물+수산물+가공식품+의류+신발+가정용품+음식점,,,Y,Y,1970.0,,2025-11-10,B553077,소상공인시장진흥공단
산청시장,5일장,경상남도 산청군 산청읍 중앙로 16-1,경상남도 산청군 산청읍 산청리 250-2,1일+6일,35.41530225,127.8763044,150.0,"농산물+축산물+수산물+가공식품+의류+신발+가정용품+음식점, 지리산 산청 곶감, 약초 💡 특징: 지리산 자락에서 재배된 고품질 약초와 쫀득한 식감의 산청 곶감이 전국적으로 거래됨 10",,,Y,Y,1970.0,,2025-11-10,B553077,소상공인시장진흥공단
생초시장,5일장,경상남도 산청군 생초면 생초로 35-30,경상남도 산청군 생초면 어서리 259,3일+8일,35.49280603,127.8351909,150.0,농산물+수산물+가공식품+음식점,,,Y,Y,1970.0,,2025-11-10,B553077,소상공인시장진흥공단
덕산시장,5일장,경상남도 산청군 시천면 남명로 188-5,경상남도 산청군 시천면 사리 931-3,4일+9일,35.2770275,127.8377507,150.0,농산물+축산물+수산물+가공식품+의류+신발+가정용품+음식점,,,Y,Y,1970.0,,2025-11-10,B553077,소상공인시장진흥공단
단계시장,5일장,경상남도 산청군 신등면 신차로 500-3,경상남도 산청군 신등면 단계리 784,4일+9일,35.37712433,128.0111488,150.0,농산물+수산물+가공식품+의류+신발+가정용품+음식점,,,Y,Y,1970.0,,2025-11-10,B553077,소상공인시장진흥공단
덕계종합상설시장,상설장,경상남도 양산시 덕계2길 7,경상남도 양산시 덕계동 754-1,매일,35.36975442,129.1471525,150.0,농산물+축산물+수산물+가공식품+의류+신발+가정용품+음식점+근린생활서비스,,,Y,Y,1970.0,055-387-7414,2025-11-10,B553077,소상공인시장진흥공단
강릉동부시장,상설장,강원특별자치도 강릉시 옥천로 48,강원특별자치도 강릉시 옥천동 223,매일,37.7600498,128.9006624,150.0,농산물+축산물+수산물+가공식품+의류+가정용품+음식점,,,Y,Y,1970.0,033-647-7999,2025-11-10,B553077,소상공인시장진흥공단
강릉서부시장,상설장,강원특별자치도 강릉시 임영로 155번길 6,강원특별자치도 강릉시 용강동 29,매일,37.75505954,128.8907988,150.0,농산물+수산물+가공식품+의류+가정용품+음식점,,,Y,Y,1970.0,033-648-9136,2025-11-10,B553077,소상공인시장진흥공단
주문진건어물시장,상설장,강원특별자치도 강릉시 주문진읍 해안로1748,강원특별자치도 강릉시 주문진읍 주문리 312-708,매일,37.89114842,128.8287555,150.0,수산물+가공식품+음식점,,,Y,Y,1970.0,033-661-9599,2025-11-10,B553077,소상공인시장진흥공단
간성전통시장,5일장,강원특별자치도 고성군 간성읍 간성시장3길 7-2,강원특별자치도 고성군 간성읍 신안리 311-10,2일+7일,38.37994273,128.4694508,150.0,농산물+축산물+수산물+가공식품+의류+신발+가정용품+음식점+근린생활서비스,,,Y,Y,1970.0,033-682-5462,2025-11-10,B553077,소상공인시장진흥공단
거진전통시장,5일장,강원특별자치도 고성군 거진읍 거진시장길 13-3,강원특별자치도 고성군 거진읍 거진리 272,1일+6일,38.44748216,128.4543896,150.0,농산물+축산물+수산물+가공식품+의류+신발+가정용품+음식점+근린생활서비스,,,Y,Y,1970.0,033-681-8606,2025-11-10,B553077,소상공인시장진흥공단
동해남부재래시장,상설장,강원특별자치도 동해시 청운1길 29,강원특별자치도 동해시 동회동 442,매일,37.48760966,129.1035498,150.0,농산물+축산물+의류+가정용품+음식점,,,Y,Y,1970.0,033-522-2100,2025-11-10,B553077,소상공인시장진흥공단
묵호시장,상설장,강원특별자치도 동해시 일출로 59-1,강원특별자치도 동해시 묵호진동 15-61,매일,37.55235235,129.1141946,150.0,"수산물+가공식품+음식점, 오징어, 곰치국 💡 특징: 묵호항의 활기를 느낄 수 있으며 갓 잡은 선어와 오징어 회가 대표적임 4",,,Y,Y,1970.0,,2025-11-10,B553077,소상공인시장진흥공단
중동사랑시장(부천중동시장),상설장,경기도 부천시 원미구 부흥로200번길 25,경기도 부천시 원미구 중동 724,매일,37.49497098,126.764586,150.0,농산물+가공식품,,,Y,Y,1970.0,070-7377-1717,2025-11-10,B553077,소상공인시장진흥공단
도계전두시장,상설장,강원특별자치도 삼척시 도계읍 전두시장길 6-1,강원특별자치도 삼척시 도계읍 전두리 81-20,매일,37.22913383,129.0428073,150.0,농산물+축산물+수산물+가공식품+의류+음식점,,,Y,Y,1970.0,033-541-2749,2025-11-10,B553077,소상공인시장진흥공단
도계중앙시장,상설장,강원특별자치도 삼척시 도계읍 도계로4길 20,강원특별자치도 삼척시 도계읍 도계리 390-1,매일,37.23514806,129.0451104,150.0,"닭강정, 수제 어묵고로케, 농산물+축산물+가공식품+의류+신발+가정용품+음식점+근린생활서비스 💡 특징: 강릉의 대표 시장으로 관광객들이 즐겨 찾는 다양한 길거리 음식이 발달함 1",,,Y,Y,1970.0,,2025-11-10,B553077,소상공인시장진흥공단
삼척번개시장,상설장,강원특별자치도 삼척시 중앙로 14-27,강원특별자치도 삼척시 사직동 50-11,매일,37.43090173,129.178574,150.0,농산물+수산물,,,Y,Y,1970.0,,2025-11-10,B553077,소상공인시장진흥공단
양구중앙시장,5일장,강원특별자치도 양구군 중앙길 68,강원특별자치도 양구군 상리 235,5일+10일,38.10410757,127.9893261,150.0,"닭강정, 수제 어묵고로케, 농산물+의류+음식점 💡 특징: 강릉의 대표 시장으로 관광객들이 즐겨 찾는 다양한 길거리 음식이 발달함 1",,,Y,Y,1970.0,033-481-3594,2025-11-10,B553077,소상공인시장진흥공단
양양전통시장,5일장,강원특별자치도 양양군 양양읍 남문5길 9,강원특별자치도 양양군 양양읍 남문리 57,4일+9일,38.07506326,128.6232929,150.0,농산물+축산물+수산물+가공식품+의류+신발+가정용품+음식점,,,Y,Y,1970.0,033-671-2878,2025-11-10,B553077,소상공인시장진흥공단
서부아침시장,상설장,강원특별자치도 영월군 영월읍 중앙로 30-1,강원특별자치도 영월군 영월읍 영흥리 947-57,매일,37.18331647,128.466754,150.0,농산물+축산물+수산물+가공식품+의류+신발+가정용품+음식점,,,Y,Y,1970.0,033-372-3303,2025-11-10,B553077,소상공인시장진흥공단
구룡포시장,5일장,경상북도 포항시 남구 구룡포읍 구룡포길 72-1,경상북도 포항시 남구 구룡포읍 구룡포리 963-2,3일+8일,35.99031583,129.5540012,150.0,"농산물+축산물+수산물+가공식품+의류+신발+가정용품+음식점, 과메기, 대게 💡 특징: 과메기의 본고장이며 항구와 인접해 싱싱한 해산물과 반건조 생선 거래가 활발함",,,Y,Y,1970.0,,2025-11-10,B553077,소상공인시장진흥공단
오천삼광시장,상설장,경상북도 포항시 남구 오천읍 정몽주로679번길 3,경상북도 포항시 남구 오천읍 구정리 35-27,매일,35.97830244,129.4123387,150.0,농산물+축산물+수산물+가공식품+의류+신발+가정용품+음식점,,,Y,Y,1970.0,,2025-11-10,B553077,소상공인시장진흥공단
오천시장,5일장,경상북도 포항시 남구 오천읍 해병로 307번길 26-3,경상북도 포항시 남구 오천읍 세계리 847-5,5일+10일,35.96647172,129.4142295,150.0,농산물+수산물+음식점,,,Y,Y,1970.0,054-292-5245,2025-11-10,B553077,소상공인시장진흥공단
청림시장,상설장,경상북도 포항시 남구 청림서길 29,경상북도 포항시 남구 청림동 588-2,매일,35.99657827,129.4103564,150.0,농산물+축산물+수산물+가공식품+의류+신발+가정용품+음식점,,,Y,Y,1970.0,,2025-11-10,B553077,소상공인시장진흥공단
포항운하송림시장,상설장,경상북도 포항시 남구 운하로36번길 7,경상북도 포항시 남구 송도동 493-11,매일,36.02820448,129.3763138,150.0,농산물+축산물+수산물+가공식품+의류+신발+가정용품+음식점,,,Y,Y,1970.0,,2025-11-10,B553077,소상공인시장진흥공단
연일전통시장,5일장,경상북도 포항시 남구 연일읍 연일로 159번길 46,경상북도 포항시 남구 연일읍 생지리 194-1,3일+8일,35.99635173,129.3486811,150.0,농산물+축산물+수산물+가공식품+의류+신발+가정용품+음식점,,,Y,Y,1970.0,,2025-11-10,B553077,소상공인시장진흥공단
효자시장,상설장,경상북도 포항시 남구 효자동길10번길 13,경상북도 포항시 남구 효자동 301-1,매일,36.00799585,129.3315835,150.0,"농산물+축산물+가공식품+의류+음식점, 반찬류, 과일 💡 특징: 포스코 인근에 위치하여 주민들이 즐겨 찾는 깔끔한 반찬 가게와 고품질 과일이 유명함",,,Y,Y,1970.0,054-277-9251,2025-11-10,B553077,소상공인시장진흥공단
대해불빛시장,상설장,경상북도 포항시 남구 중앙로67번길 7,경상북도 포항시 남구 해도동 79-1,매일,36.01879903,129.3685564,150.0,농산물+축산물+수산물+가공식품+음식점,,,Y,Y,1970.0,,2025-11-10,B553077,소상공인시장진흥공단
영남시장,상설장,경상북도 포항시 남구 동해면 일월로152,경상북도 포항시 남구 동해면 약전리 436-3,매일,35.9879517,129.4496824,150.0,농산물+축산물+수산물+가공식품+의류+신발+가정용품+음식점,,,Y,Y,1970.0,,2025-11-10,B553077,소상공인시장진흥공단
포항큰동해시장,상설장,경상북도 포항시 남구 중앙로146번길 30,경상북도 포항시 남구 해도동 435-23,매일,36.02655548,129.3709848,150.0,"농산물+축산물+수산물+가공식품+의류+신발+가정용품+음식점, 막회, 수제비 💡 특징: 시장 안쪽의 막회 골목과 양이 푸짐한 시장 수제비가 직장인과 지역민들에게 사랑받음 18",,,Y,Y,1970.0,054-277-2229,2025-11-10,B553077,소상공인시장진흥공단
남부시장,상설장,경상북도 포항시 남구 상공로43,경상북도 포항시 남구 상도동 629,매일,36.01262132,129.3561505,150.0,"칼국수, 돈까스, 농산물+축산물+수산물+가공식품+의류+신발+가정용품+음식점 💡 특징: 양산의 중심 시장으로 시장 내 먹거리 골목에 저렴하고 푸짐한 맛집이 많음 13",,,Y,Y,1970.0,,2025-11-10,B553077,소상공인시장진흥공단
상대종합시장,상설장,경상북도 포항시 남구 양학천로 76번길13,경상북도 포항시 남구 상도동 1-12,매일,36.01993112,129.3611077,150.0,농산물+축산물+수산물+가공식품+의류+신발+가정용품+음식점,,,Y,Y,1970.0,,2025-11-10,B553077,소상공인시장진흥공단
해도5(형산)시장,상설장,경상북도 포항시 남구 문예로 70번길23,경상북도 포항시 남구 대도동 143-1,매일,36.01270248,129.3664934,150.0,농산물+축산물+수산물+가공식품+의류+신발+가정용품+음식점,,,Y,Y,1970.0,,2025-11-10,B553077,소상공인시장진흥공단
기계시장,5일장,경상북도 포항시 북구 기계면 새마을발상지길 7,경상북도 포항시 북구 기계면 현내리 639,2일+7일,36.06996359,129.2045078,150.0,농산물+음식점,,,Y,Y,1970.0,,2025-11-10,B553077,소상공인시장진흥공단
흥해시장,5일장,경상북도 포항시 북구 흥해읍 한동로 61-13,경상북도 포항시 북구 흥해읍 성내리 61-2,2일+7일,36.11061401,129.3482939,150.0,농산물+축산물+수산물+가공식품+의류+신발+가정용품+음식점,,,Y,Y,1970.0,054-261-2611,2025-11-10,B553077,소상공인시장진흥공단
한라종합시장,상설장,경상북도 포항시 북구 대안길 57,경상북도 포항시 북구 용흥동 357-1,매일,36.04122465,129.3512673,150.0,농산물+축산물+수산물+가공식품,,,Y,Y,1970.0,,2025-11-10,B553077,소상공인시장진흥공단
환호그린빌시장,상설장,경상북도 포항시 북구 환호공원길 15,경상북도 포항시 북구 환호동 377-5,매일,36.06813183,129.3911427,150.0,농산물+의류+신발+음식점,,,Y,Y,1970.0,,2025-11-10,B553077,소상공인시장진흥공단
그린종합시장,상설장,경상북도 포항시 북구 용두산길 39,경상북도 포항시 북구 장성동 1352-1,매일,36.06728944,129.3809631,150.0,농산물+가공식품+의류+신발+가정용품+음식점,,,Y,Y,1970.0,,2025-11-10,B553077,소상공인시장진흥공단
두호1시장,상설장,경상북도 포항시 북구 창흥로 11,경상북도 포항시 북구 창포동 630,매일,36.06172603,129.3693658,150.0,농산물+축산물+수산물+가공식품+의류+신발+가정용품+음식점,,,Y,Y,1970.0,,2025-11-10,B553077,소상공인시장진흥공단
영일대북부시장,상설장,경상북도 포항시 북구 대신로26번길 10-1,경상북도 포항시 북구 대신동 64-5,매일,36.04629733,129.3691029,150.0,농산물+축산물+수산물+가공식품,,,Y,Y,1970.0,,2025-11-10,B553077,소상공인시장진흥공단
양학시장,상설장,경상북도 포항시 북구 양학로 40,경상북도 포항시 북구 학잠동 83,매일,36.02727113,129.3497432,150.0,농산물+축산물+수산물+가공식품+신발+음식점,,,Y,Y,1970.0,,2025-11-10,B553077,소상공인시장진흥공단
예천중앙시장,5일장,경상북도 예천군 예천읍 시장로127,경상북도 예천군 예천읍 동본리 497-1,2일+7일,36.6574335,128.4578325,150.0,"닭강정, 수제 어묵고로케, 농산물+축산물+수산물+가공식품+가정용품+음식점 💡 특징: 강릉의 대표 시장으로 관광객들이 즐겨 찾는 다양한 길거리 음식이 발달함 1",,,Y,Y,1970.0,,2025-11-10,B553077,소상공인시장진흥공단
용궁시장,5일장,경상북도 예천군 용궁면 용궁시장길 9,경상북도 예천군 용궁면 읍부리 329-1,4일+9일,36.60702184,128.2753688,150.0,"활어회, 건어물, 농산물+수산물+가공식품+음식점 💡 특징: 바다를 끼고 형성된 대규모 수산시장으로 용궁을 테마로 한 현대식 시설에서 신선한 회를 즐길 수 있음 9",,,Y,Y,1970.0,,2025-11-10,B553077,소상공인시장진흥공단
풍양시장,5일장,경상북도 예천군 풍양면 낙상2길 37-13,경상북도 예천군 풍양면 낙상리 157-7,3일+8일,36.50926978,128.2998047,150.0,농산물+축산물+수산물+가공식품+신발+가정용품+음식점,,,Y,Y,1970.0,,2025-11-10,B553077,소상공인시장진흥공단
척산시장,5일장,경상북도 울진군 기성면 척산길 51-25,경상북도 울진군 기성면 척산리 211-14,1일+6일,36.79693438,129.4512978,150.0,농산물+수산물+가공식품+음식점,,,Y,Y,1970.0,,2025-11-10,B553077,소상공인시장진흥공단
매화시장,5일장,경상북도 울진군 매화면 매화2길 36-14,경상북도 울진군 매화면 매화리 1180-1,3일+8일,36.90980624,129.3799227,150.0,농산물+가공식품,,,Y,Y,1970.0,,2025-11-10,B553077,소상공인시장진흥공단
흥부시장,5일장,경상북도 울진군 북면 장터길 110-6,경상북도 울진군 북면 부구리 135,1일+6일,37.10360525,129.3753791,150.0,가공식품+음식점,,,Y,Y,1970.0,,2025-11-10,B553077,소상공인시장진흥공단
울진바지게시장,5일장,경상북도 울진군 울진읍 읍내1길 18 (울진시장),경상북도 울진군 울진읍 읍내리 60-49,2일+7일,36.99192061,129.4022797,150.0,"농산물+축산물+수산물+가공식품+의류+신발+가정용품+음식점, 울진 대게, 문어 💡 특징: 동해안 수산물의 거점으로, 바지게 꾼들의 정취가 남아있는 유서 깊은 5일장임 7",,,Y,Y,1970.0,054-783-2988,2025-11-10,B553077,소상공인시장진흥공단
죽변시장,5일장,경상북도 울진군 죽변면 죽변중앙로 168-14,경상북도 울진군 죽변면 죽변리 36-8,3일+8일,37.05897952,129.4222545,150.0,농산물+가공식품+의류+음식점,,,Y,Y,1970.0,,2025-11-10,B553077,소상공인시장진흥공단
평해시장,5일장,경상북도 울진군 평해읍 평해6길12,경상북도 울진군 평해읍 평해리 879-3,2일+7일,36.72694696,129.4424335,150.0,농산물+가공식품+음식점,,,Y,Y,1970.0,,2025-11-10,B553077,소상공인시장진흥공단
후포시장,5일장,경상북도 울진군 후포면 울진대게로21,경상북도 울진군 후포면 삼율리 126,3일+8일,36.67787465,129.4442245,150.0,농산물+수산물+가공식품+가정용품+음식점,,,Y,Y,1970.0,,2025-11-10,B553077,소상공인시장진흥공단
금성시장,5일장,경상북도 의성군 금성면 탑리길56-1,경상북도 의성군 금성면 대리리 66-7,1일+6일,36.25617739,128.6814114,150.0,농산물+축산물+수산물+가공식품+신발+가정용품+음식점,,,Y,Y,1970.0,,2025-11-10,B553077,소상공인시장진흥공단
함평천지전통시장,5일장,전라남도 함평군 함평읍 시장길 49,전라남도 함평군 함평읍 기각리 982,2일+7일,35.06373037,126.5234259,150.0,농산물+축산물+수산물+가공식품+의류+신발+가정용품+음식점,,,Y,Y,1970.0,061-322-1126,2025-11-10,B553077,소상공인시장진흥공단
봉양시장,5일장,경상북도 의성군 봉양면 도리원6길 9-1,경상북도 의성군 봉양면 화전리 99-5,5일+10일,36.29925956,128.5815931,150.0,농산물+수산물+가공식품+의류+신발+가정용품,,,Y,Y,1970.0,,2025-11-10,B553077,소상공인시장진흥공단
안계공설시장,5일장,경상북도 의성군 안계면 안계시장길 14-11,경상북도 의성군 안계면 용기리 467-1,1일+6일,36.38442056,128.4383426,150.0,농산물+축산물+수산물+의류+신발+가정용품+음식점,,,Y,Y,1970.0,,2025-11-10,B553077,소상공인시장진흥공단
의성공설재래시장,5일장,경상북도 의성군 의성읍 전통시장 1길 12-8,경상북도 의성군 의성읍 도동리 758-4,2일+7일,36.3451135,128.699851,150.0,"농산물+축산물+수산물+가공식품+의류+신발+가정용품+음식점, 의성 마늘, 마늘 닭발 💡 특징: 전국 최고의 의성 마늘 집산지이며, 연탄불에 구운 매콤한 마늘 닭발이 별미임",,,Y,Y,1970.0,,2025-11-10,B553077,소상공인시장진흥공단
동곡공설시장,5일장,경상북도 청도군 금천면 금천로 41-2,경상북도 청도군 금천면 동곡리 776,1일+6일,35.69205739,128.8910781,150.0,농산물+축산물+수산물+가공식품+의류+신발+가정용품+음식점,,,Y,Y,1970.0,,2025-11-10,B553077,소상공인시장진흥공단
풍각공설시장,5일장,경상북도 청도군 풍각면 송서7길 5,경상북도 청도군 풍각면 송서리 562-1,1일+6일,35.64090247,128.6186232,150.0,농산물+축산물+수산물+가공식품+의류+신발+가정용품+음식점,,,Y,Y,1970.0,054-373-5158,2025-11-10,B553077,소상공인시장진흥공단
부남시장,5일장,경상북도 청송군 부남면 대전로142,경상북도 청송군 부남면 대전리 64-16,3일+8일,36.34650543,129.0644413,150.0,농산물+수산물+가공식품+의류+신발+가정용품+음식점,,,Y,Y,1970.0,,2025-11-10,B553077,소상공인시장진흥공단
안덕시장,5일장,경상북도 청송군 안덕면 명당2길,,4일+9일,37.5,127.0,150.0,농산물+수산물+신발,,,Y,Y,1970.0,,2025-11-10,B553077,소상공인시장진흥공단
진보시장,5일장,경상북도 청송군 진보면 진안남2길 9-1,경상북도 청송군 진보면 진안리 121-3,3일+8일,36.52833051,129.0464125,150.0,"청송 사과, 닭불고기, 농산물+축산물+수산물+가공식품+의류+신발+가정용품+음식점 💡 특징: 명품 청송 사과가 가득하며 인근 신촌약수를 활용한 닭요리가 발달함 13",,,Y,Y,1970.0,054-872-5915,2025-11-10,B553077,소상공인시장진흥공단
청송시장,5일장,경상북도 청송군 청송읍 현충로 106,경상북도 청송군 청송읍 월막리 423-1,4일+9일,36.43514221,129.0521134,150.0,"청송 사과, 닭불고기, 농산물+축산물+수산물+가공식품+의류+신발+가정용품+음식점 💡 특징: 명품 청송 사과가 가득하며 인근 신촌약수를 활용한 닭요리가 발달함 13",,,Y,Y,1970.0,054-873-2212,2025-11-10,B553077,소상공인시장진흥공단
도평시장,5일장,경상북도 청송군 현동면 도평2길 21,경상북도 청송군 현동면 도평리 839-103,5일+10일,36.290109,129.0170773,150.0,농산물+수산물+가공식품+의류+신발+가정용품,,,Y,Y,1970.0,,2025-11-10,B553077,소상공인시장진흥공단
화목시장,5일장,경상북도 청송군 현서면 구산북로57-1,경상북도 청송군 현서면 구산리 100-14,1일+6일,36.27534895,128.89736,150.0,농산물+수산물+의류+신발+가정용품,,,Y,Y,1970.0,,2025-11-10,B553077,소상공인시장진흥공단
전주중앙상가시장,상설장,전북특별차치도 전주시 완산구 태평3길 70,전북특별차치도 전주시 완산구 태평동 36-1,매일,35.82522103,127.1424489,150.0,"닭강정, 수제 어묵고로케, 의류+신발+근린생활서비스 💡 특징: 강릉의 대표 시장으로 관광객들이 즐겨 찾는 다양한 길거리 음식이 발달함 1",,,Y,Y,1970.0,063-253-6535,2025-11-10,B553077,소상공인시장진흥공단
북문시장,5일장,경상북도 안동시 북문옥정길 25,경상북도 안동시 율세동 409,2일+7일,36.56851589,128.7326157,150.0,농산물+축산물+수산물+가공식품+의류+신발+가정용품+음식점,,,Y,Y,1970.0,,2025-11-10,B553077,소상공인시장진흥공단
안동서부시장,5일장,경상북도 안동시 대안로 22,경상북도 안동시 태화동 60-12,2일+7일,36.56527506,128.7149733,150.0,"농산물+축산물+수산물+가공식품+의류+신발+가정용품+음식점, 안동간고등어, 안동찜닭 💡 특징: 안동의 전통 먹거리 문화를 고스란히 간직한 시장으로 찜닭 골목이 인기 14",,,Y,Y,1970.0,054-842-4554,2025-11-10,B553077,소상공인시장진흥공단
계산시장,상설장,인천광역시 계양구 계산 시장길 10-18,인천광역시 계양구 계산동 960-27,매일,37.53927741,126.7248447,150.0,농산물+축산물+수산물+가공식품+의류+신발+가정용품+음식점+근린생활서비스,,,Y,Y,1970.0,032-541-8778,2025-11-10,B553077,소상공인시장진흥공단
구담공설시장,5일장,경상북도 안동시 풍천면 섬마길 7-9,경상북도 안동시 풍천면 구담리 494-19,4일+9일,36.54171762,128.4647059,150.0,농산물+축산물+수산물+가공식품+의류+신발+가정용품+음식점,,,Y,Y,1970.0,,2025-11-10,B553077,소상공인시장진흥공단
강구시장,5일장,경상북도 영덕군 강구면 강구시장1길 8-2,경상북도 영덕군 강구면 오포리 535-5,3일+8일,36.35834827,129.3795018,150.0,농산물+축산물+수산물+가공식품+의류+신발+가정용품+음식점,,,Y,Y,1970.0,,2025-11-10,B553077,소상공인시장진흥공단
남정시장,5일장,경상북도 영덕군 남정면 진불1길 31-3,경상북도 영덕군 남정면 장사리 365-1,2일+7일,36.28554787,129.3728791,150.0,농산물+수산물+가공식품,,,Y,Y,1970.0,,2025-11-10,B553077,소상공인시장진흥공단
영해만세시장,5일장,경상북도 영덕군 영해면 예주시장5길 21,경상북도 영덕군 영해면 성내리 468-1,5일+10일,36.54088955,129.4071791,150.0,"농산물+축산물+가공식품+의류+신발+가정용품+음식점, 영덕 대게, 복숭아 💡 특징: 영덕의 대표적인 5일장으로 제철 대게와 당도 높은 복숭아가 주 특산물임",,,Y,Y,1970.0,054-733-2065,2025-11-10,B553077,소상공인시장진흥공단
계양산전통시장,상설장,인천광역시 계양구 병방시장로 69,인천광역시 계양구 병방동 383,매일,37.54803218,126.7394444,150.0,농산물+축산물+수산물+가공식품+의류+신발+가정용품+음식점+근린생활서비스,,,Y,Y,1970.0,032-545-7780,2025-11-10,B553077,소상공인시장진흥공단
영주골목시장,상설장,경상북도 영주시 구성로360번길 19,경상북도 영주시 영주동 315-6,매일,36.82449267,128.6229875,150.0,농산물+의류+음식점,,,Y,Y,1970.0,054-637-0078,2025-11-10,B553077,소상공인시장진흥공단
작전시장,상설장,인천광역시 계양구 봉오대로677번길 20,인천광역시 계양구 작전동 862,매일,37.53248265,126.7243153,150.0,"족발, 떡볶이, 농산물+축산물+수산물+가공식품+의류+신발+가정용품+음식점 💡 특징: 주택가 밀집 지역에 위치하여 퇴근길 먹거리 쇼핑객이 많고 깔끔한 반찬류가 인기임 11",,,Y,Y,1970.0,032-544-5773,2025-11-10,B553077,소상공인시장진흥공단
소래포구전통어시장,상설장,인천광역시 남동구 장도로 86-17,인천광역시 남동구 논현동 111-168,매일,37.3974554,126.738637,150.0,"수산물, 제철 꽃게, 젓갈 💡 특징: 수도권에서 가장 활발한 포구 시장으로 싱싱한 꽃게와 김장철 젓갈이 주 품목임",,,Y,Y,1970.0,032-446-7536,2025-11-10,B553077,소상공인시장진흥공단
풍기중앙시장,상설장,경상북도 영주시 풍기읍 동성로 73,경상북도 영주시 풍기읍 성내리 1-4,매일,36.8706025,128.5281959,150.0,"농산물+축산물+수산물+가공식품+의류+신발+가정용품+음식점, 풍기 인삼, 도너츠 💡 특징: 인삼의 본고장에 위치하며 인삼뿐만 아니라 생달 등에 소개된 유명 도너츠 맛집이 있음 44",,,Y,Y,1970.0,,2025-11-10,B553077,소상공인시장진흥공단
풍기선비골인삼시장,상설장,경상북도 영주시 풍기읍 소백로 2156,경상북도 영주시 풍기읍 산법리 446-4,매일,36.88850301,128.5406893,150.0,"농산물, 풍기 인삼, 홍삼 💡 특징: 세계적인 품질을 자랑하는 풍기 인삼 전문 시장으로 신선한 수삼과 가공품이 가득함",,,Y,Y,1970.0,054-636-3450,2025-11-10,B553077,소상공인시장진흥공단
풍기토종인삼시장,상설장,경상북도 영주시 풍기읍 인삼로 40,경상북도 영주시 풍기읍 성내리 148,매일,36.87026011,128.5224189,150.0,농산물+가공식품,,,Y,Y,1970.0,054-633-2379,2025-11-10,B553077,소상공인시장진흥공단
십정종합시장(열우물전통시장),상설장,인천광역시 부평구 배곶남로 21번길 18,인천광역시 부평구 십정동 321,매일,37.47340163,126.6955036,150.0,농산물+축산물+수산물+가공식품+의류+신발+가정용품+음식점,,,Y,Y,1970.0,032-421-6358,2025-11-10,B553077,소상공인시장진흥공단
정서진중앙시장,상설장,인천광역시 서구 원창로239번길 11,인천광역시 서구 가정동 509-17,매일,37.51857454,126.675941,150.0,"농산물+축산물+수산물+가공식품+의류+신발+가정용품+음식점+근린생활서비스, 닭강정, 수제 어묵 💡 특징: 인천 서구의 활기찬 시장으로 가성비 좋은 간식거리와 반찬류가 주민들에게 인기임",,,Y,Y,1970.0,032-575-5002,2025-11-10,B553077,소상공인시장진흥공단
인천축산물시장,상설장,인천광역시 서구 가좌로 96번길 35,인천광역시 서구 가좌동 480-19,매일,37.47899257,126.6884579,150.0,축산물+음식점+근린생활서비스,,,Y,Y,1970.0,032-575-5511,2025-11-10,B553077,소상공인시장진흥공단
금호공설시장,5일장,경상북도 영천시 금호읍 금호로 101,경상북도 영천시 금호읍 교대리 167-35,3일+8일,35.93166906,128.8733589,150.0,농산물+축산물+수산물+가공식품+의류+신발+가정용품+음식점,,,Y,Y,1970.0,,2025-11-10,B553077,소상공인시장진흥공단
신녕공설시장,5일장,경상북도 영천시 신녕면 본관시장길3,경상북도 영천시 신녕면 화성리 866-1,3일+8일,36.04209299,128.7874777,150.0,농산물+축산물+수산물+가공식품+의류+신발+가정용품+음식점,,,Y,Y,1970.0,,2025-11-10,B553077,소상공인시장진흥공단
영천공설시장,5일장,경상북도 영천시 시장4길 52,경상북도 영천시 완산동 982-3,2일+7일,35.96425248,128.9385821,150.0,"농산물+축산물+수산물+가공식품+의류+신발+가정용품+음식점, 돔배기(상어고기), 곰탕 💡 특징: 영남 최대 규모의 우시장 및 약초 시장으로 제례용 돔배기 거래가 전국에서 가장 활발함 7",,,Y,Y,1970.0,054-331-1772,2025-11-10,B553077,소상공인시장진흥공단
예천맛고을시장,상설장,경상북도 예천군 예천읍 맛고을길 57,경상북도 예천군 예천읍 노하리 74-16,매일,36.65689278,128.4548923,150.0,의류+음식점,,,Y,Y,1970.0,,2025-11-10,B553077,소상공인시장진흥공단
인동시장,5일장,경상북도 구미시 인동중앙로5길 16-3,경상북도 구미시 황상동 307-7,2일+7일,36.10819473,128.4209289,150.0,"인동 곱창, 보리밥, 농산물+축산물+수산물+가공식품+의류+신발+가정용품+음식점 💡 특징: 구미 국가산업단지 인근에 위치하여 직장인들을 위한 가성비 좋은 먹거리 골목이 발달함 8",,,Y,Y,1970.0,054-471-0477,2025-11-10,B553077,소상공인시장진흥공단
군위전통시장,5일장,대구광역시 군위군 군위읍 중앙6길 4,대구광역시 군위군 군위읍 서부리 18-1,3일+8일,36.23975138,128.5679239,150.0,"농산물+축산물+수산물+가공식품+의류+신발+가정용품+음식점, 닭발 구이, 소머리국밥 💡 특징: 영화 '리틀 포레스트' 촬영지 인근으로 장날 먹는 연탄불 닭발과 국밥이 유명함 9",,,Y,Y,1970.0,054-383-0400,2025-11-10,B553077,소상공인시장진흥공단
의흥시장,5일장,대구광역시 군위군 의흥면 읍내5길 7,대구광역시 군위군 의흥면 읍내리 594-1,5일+10일,36.17425304,128.716305,150.0,농산물+축산물+수산물+가공식품+의류+신발+가정용품+음식점,,,Y,Y,1970.0,,2025-11-10,B553077,소상공인시장진흥공단
중앙시장,상설장,경상북도 김천시 중앙시장4길 10,경상북도 김천시 모암동 157-2,매일,36.11902271,128.125383,150.0,"닭강정, 수제 어묵고로케, 의류+신발+가정용품+음식점+근린생활서비스 💡 특징: 강릉의 대표 시장으로 관광객들이 즐겨 찾는 다양한 길거리 음식이 발달함 1",,,Y,Y,1970.0,,2025-11-10,B553077,소상공인시장진흥공단
부곡시장,상설장,경상북도 김천시 부곡시장2길 16,경상북도 김천시 부곡동 409-1,매일,36.12583421,128.1042196,150.0,수산물+가공식품+음식점+근린생활서비스,,,Y,Y,1970.0,,2025-11-10,B553077,소상공인시장진흥공단
평화시장,5일장,경상북도 김천시 김천로100,경상북도 김천시 평화동 259-1,5일+10일,36.12364342,128.1130862,150.0,"김천 자두, 포도, 농산물+축산물+수산물+가공식품+의류+신발+가정용품+음식점 💡 특징: 김천의 비옥한 토양에서 자란 전국구급 품질의 자두와 포도가 주 출하 품목임 10",,,Y,Y,1970.0,054-431-2155,2025-11-10,B553077,소상공인시장진흥공단
암사종합시장,상설장,서울특별시 강동구 상암로11길 25,서울특별시 강동구 암사동 501-17,매일,37.55085327,127.1288173,150.0,"농산물+축산물+수산물+가공식품+의류+신발+가정용품+음식점, 닭강정, 꽈배기 💡 특징: 서울 강동구의 대표 시장으로 SNS에서 유명한 맛집과 현대화된 쇼핑 환경을 갖춤 11",,,Y,Y,1970.0,02-442-1040,2025-11-10,B553077,소상공인시장진흥공단
가은아자개시장,5일장,경상북도 문경시 가은읍 가은5길 7,경상북도 문경시 가은읍 왕능리 275-26,4일+9일,36.64660911,128.0609864,150.0,"농산물+축산물+수산물+가공식품+의류+신발+가정용품+음식점, 오미자, 버섯 💡 특징: 문경의 특산물인 오미자와 지리산 자락에서 채취한 자연산 버섯이 주 거래 품목임 12",,,Y,Y,1970.0,054-552-1123,2025-11-10,B553077,소상공인시장진흥공단
문경전통시장,5일장,경상북도 문경시 문경읍 문희로 41-15,경상북도 문경시 문경읍 하리 88-2,2일+7일,36.73558209,128.1074832,150.0,"농산물+축산물+수산물+가공식품+가정용품+음식점, 약돌돼지, 사과 💡 특징: 문경 특산물인 거정석(약돌)을 먹인 돼지고기와 당도 높은 문경 사과가 대표적임 13",,,Y,Y,1970.0,,2025-11-10,B553077,소상공인시장진흥공단
문경시중앙시장,상설장,경상북도 문경시 중앙로 87,경상북도 문경시 점촌동 197-14,매일,36.59353126,128.1973386,150.0,"닭강정, 수제 어묵고로케, 농산물+축산물+수산물+가공식품+의류+신발+가정용품+음식점 💡 특징: 강릉의 대표 시장으로 관광객들이 즐겨 찾는 다양한 길거리 음식이 발달함 1",,,Y,Y,1970.0,,2025-11-10,B553077,소상공인시장진흥공단
점촌전통시장,5일장,경상북도 문경시 신흥시장길 19,경상북도 문경시 흥덕동 794-1,3일+8일,36.60138925,128.2041632,150.0,"골뱅이국, 도너츠, 농산물+축산물+수산물+가공식품+의류+신발+가정용품+음식점 💡 특징: 문경의 중심 상권에 위치하며 현지인들이 즐겨 찾는 독특한 골뱅이국이 별미임 14",,,Y,Y,1970.0,054-553-2227,2025-11-10,B553077,소상공인시장진흥공단
봉화상설시장,5일장,,경상북도 봉화군 봉화읍 내성리 419-20,2일+7일,36.89035721,128.7349285,150.0,"농산물+축산물+수산물+가공식품+의류+신발+가정용품+음식점, 송이버섯, 은어 💡 특징: 봉화의 상징인 송이버섯과 여름철 은어 축제와 연계된 먹거리들이 유명함 15",,,Y,Y,1970.0,054-673-5945,2025-11-10,B553077,소상공인시장진흥공단
봉화내성시장,5일장,경상북도 봉화군 봉화읍 내성로5길 13,경상북도 봉화군 봉화읍 내성리 192-1,2일+7일,36.88898151,128.7394689,150.0,농산물+축산물+가공식품+신발+가정용품+음식점,,,Y,Y,1970.0,054-672-4800,2025-11-10,B553077,소상공인시장진흥공단
억지춘양시장,5일장,경상북도 봉화군 춘양면 의양로 60,경상북도 봉화군 춘양면 의양리 357-29,4일+9일,36.93634466,128.913044,150.0,"농산물+축산물+수산물+가공식품+의류+신발+가정용품+음식점, 춘양목 버섯, 산나물 💡 특징: 억지춘양'이라는 말의 유래지로 깊은 산중에서 채취한 무공해 산나물이 가득함 16",,,Y,Y,1970.0,054-674-3080,2025-11-10,B553077,소상공인시장진흥공단
상주중앙시장,5일장,경상북도 상주시 남성로35,경상북도 상주시 남성동 85-10,2일+7일,36.41319426,128.1608286,150.0,"농산물+축산물+수산물+가공식품+의류+가정용품+음식점, 상주 곶감, 한우 💡 특징: 전국 최대 곶감 생산지로 가을부터 겨울까지 곶감 거래가 주를 이루며 한우도 유명함 17",,,Y,Y,1970.0,054-535-7443,2025-11-10,B553077,소상공인시장진흥공단
은척시장,5일장,경상북도 상주시 은척면 봉중1길 16-1,경상북도 상주시 은척면 봉중리 383-12,4일+9일,36.53266616,128.0729497,150.0,농산물+축산물+가공식품+의류+신발+가정용품+음식점,,,Y,Y,1970.0,,2025-11-10,B553077,소상공인시장진흥공단
화령시장,5일장,경상북도 상주시 화서면 화령남6길 7,경상북도 상주시 화서면 신봉리 134-10,3일+8일,36.44479866,127.9506906,150.0,농산물+축산물+수산물+가공식품+의류+신발+가정용품+음식점,,,Y,Y,1970.0,,2025-11-10,B553077,소상공인시장진흥공단
성주시장,5일장,경상북도 성주군 성주읍 시장길 43-1,경상북도 성주군 성주읍 경산리 718,2일+7일,35.9150289,128.2854812,150.0,"농산물+축산물+수산물+가공식품+의류+신발+가정용품+음식점, 성주 참외 💡 특징: 전국 참외 생산량의 70% 이상을 차지하는 성주 참외가 가장 신선하게 유통되는 곳 18",,,Y,Y,1970.0,054-930-6703,2025-11-10,B553077,소상공인시장진흥공단
공릉동도깨비시장,상설장,서울특별시 노원구 동일로180길 37,서울특별시 노원구 공릉동 566-20,매일,37.62269001,127.0762455,150.0,"농산물+축산물+수산물+가공식품+의류+신발+가정용품+음식점, 손칼국수, 부대찌개 💡 특징: 서울 노원구의 명소로 '백종원의 골목식당'에 소개된 가성비 훌륭한 식당들이 밀집함 19",,,Y,Y,1970.0,02-976-4143,2025-11-10,B553077,소상공인시장진흥공단
돈암시장,상설장,서울특별시 성북구 동소문로18길 18 (돈암제일시장 고객편의센터),서울특별시 성북구 동소문동5가 59-2,매일,37.59153032,127.0159199,150.0,농산물+수산물+가공식품+음식점,,,Y,Y,1970.0,,2025-11-10,B553077,소상공인시장진흥공단
연서시장,상설장,서울특별시 은평구 연서로 247,서울특별시 은평구 불광동 310-211,매일,37.6196977,126.9221717,150.0,"잔치국수, 김밥, 농산물+축산물+수산물+가공식품+의류+신발+가정용품+음식점 💡 특징: 불광동 등산객들의 필수 코스로 푸짐한 양의 국수와 노포 분위기의 먹거리집이 많음 20",,,Y,Y,1970.0,02-355-1272,2025-11-10,B553077,소상공인시장진흥공단
용상공설시장,상설장,경상북도 안동시 경동로 862,경상북도 안동시 용상동 1242,매일,36.55947454,128.7501611,150.0,"농산물+축산물+수산물+가공식품+의류+신발+가정용품+음식점, 안동 간고등어, 찜닭 💡 특징: 안동 시내의 깔끔한 현대식 시장으로 안동의 대표 먹거리들을 한곳에서 맛볼 수 있음 22",,,Y,Y,1970.0,054-821-0640,2025-11-10,B553077,소상공인시장진흥공단
양북시장,5일장,경상북도 경주시 문무대왕면 감은로 53-30,경상북도 경주시 문무대왕면 어일리 1295-556,5일+10일,35.79041062,129.4412131,150.0,농산물+수산물+가공식품,,,Y,Y,1970.0,054-776-0707,2025-11-10,B553077,소상공인시장진흥공단
불국사상가시장,상설장,경상북도 경주시 진현로1길 59-5,경상북도 경주시 진현동 66-5,매일,35.78599622,129.3278545,150.0,"농산물+축산물+수산물+가공식품+의류+신발+가정용품+음식점, 연잎밥, 황남빵 💡 특징: 불국사 관광지 초입에 위치하여 사찰 분위기의 한정식과 경주 명물 빵을 주로 취급함 23",,,Y,Y,1970.0,054-746-6666,2025-11-10,B553077,소상공인시장진흥공단
양남시장,5일장,경상북도 경주시 양남면 하서중앙길 56-28,경상북도 경주시 양남면 하서리 1466-2,4일+9일,35.67538063,129.4636531,150.0,농산물+수산물+가공식품+음식점,,,Y,Y,1970.0,054-774-3007,2025-11-10,B553077,소상공인시장진흥공단
